{
    "loss": 6.679693698883057,
    "accuracy": 0.6201117038726807
}