{
    "loss": 8.186887741088867,
    "accuracy": 0.4748603403568268
}